record_id,
recqaEdLuhx0R5hNW,
rec4q01HjW8G3NUo1,
recUJQmmHatlz60nP,
recVtJTHbFotfKz3U,
recMrYXXwiui8vwH2,
recCripJTsbLFUVOV,
recXTR9GenAe7NDh8,
recnO9uJx8V6zdp4v,
recaUqDUwP0cUiD3y,
recOFyo94MJikJYSb,
recHCAJPsORi9vzY8,
recTfUVSf4k3bjVF2,
recAV37uvmk8IGkwc,
reczwHUNXkLn68rGG,
recpmZDp0Qg2obu2K,
recmQMIHSrv5xxccn,
recmShnymhgS6r8x3,
recPAcU8fE6wF1Wn2,
receiEyLJEoXRW1Jt,
recgkF5XRDUB7Wg6n,
recVr9VxLlzR6GV2y,
recMzmYokHYJB6h48,
recA9ThOcgH9u2pmO,
recgBYXZnl3DJIOo4,
recmOAXg6IfBBNz52,
reczofYSHNTpcRrkB,
recOAQqr3kS8L8vGj,
recQCbOZdCgrF3pFt,
rec2Z6kffKLZfC7yX,
reckA19aJPGG1XAIh,
recBnYRMCyOyG7gWF,
recKs1FJjdhNZK9Km,
recO0YR9sOPsD8xM9,
recsBONmUbPbNmEI7,
recR55I8aMjeUHSsU,
recT1bKgE02kvm465,
recgPoqAkS6bjmpHh,
recWCLIhwc5fa2tq5,
recFMouHmiVjpOVEb,
recWbkaCKywM8LaIx,
recfJF8bP8YUsVfEL,
recPLz9G95sQVjstX,
recdYaTegVyFll9YG,
recFR1ArsvFCJQvPg,
rec9zdmPg7OIbBFrT,
recx6Wjt7Fx1HEACn,
rec5WWWRvdTctsimg,
recoh0vA5u6056p13,
recvyMy7uVxHtxzn5,
recMzBT3Wrf4r4KPd,
recBLk7ThAPIiFwx1,
recQmyl7Mt6fLq0s8,
recFIgt5I1ESAmFYm,
recs4UDOtXy3pNPRC,
rec2KHHjpD4ieR1xL,
recCJcCemvqEPHpfn,
recOy8Punlm7vY4aQ,
recX67s6GL4d8ZPAC,
recOsFGfVSTxeJHDC,
recvlQXMqu8bcby89,
recxWCa7CfIpBSImB,
recVkRN8zzvSNoroT,
recO4paTonpwACEzL,
recr4bwcynpbWWiGZ,
rec9q98xg05CTUvaF,
reccplkbLhqq5Ki8s,
recCiSGLe2HUhSqmL,
reclANDmI8eSVmtGl,
rec2SldupBkT9CQCC,
recfKYx77WHLHrMzA,
rec2Pn6jOgYIRIHro,
recixXdTmFMo9HIt2,
recXnwzQ7Nfx4ZKon,
rec0k6nyxIhEbpUK3,
recKvp4REQ9qj4sW3,
recLDiYjI8C7zLGen,
rec5Zg12jZKgDehd1,
rec8nJnziQ6MMDHmR,
rech37LAt2VmbPXVT,
reca8vqCp9pXrE34w,
recmdJnpypXvVCMfe,
recUxlBxVCMCTcSBv,
recjVj12osSgu4FJq,
rec6AucfgmTYZifGz,
rec63WKWL9DuB6kaP,
recMNuZDZu0dmDQXk,
recnlSRyUwCocEj9Q,
recCkH3m9upYzJeZt,
reckc13tMI5Fnsxcp,
recETZlakwGm3Tn94,
recMN5P0wAZ7f1Eun,
recXniRF6CLMYT8WN,
recNEFdo3OUVD8dql,
recvYEuVqV41qpMrd,
recSFbKTrMVcrESIr,
recHQZtKyrBeVcD38,
recu7pPKW5MWTwovt,
rechhKC2W51PSoPl7,
recMW7BkHRcspcua2,
recayTzxy9f8dk8Oe,
recNpwtDsxGMsff7B,
recARzEfUHlzCTXv3,
rectNA3VZHiZEoMAy,
recjulcwxOVolG48L,
recNwe9nYkZIgiEWc,
rec3YNo50amdPxHFG,
recMYK3mGUqpOnsvX,
recfOprzKJCnrTHBp,
recNqE18stiakTmUw